index,id,titleId,title,ISSN,lcnumber,coden,publisher,serialTypes,contentTypes,country,countryCode,status,startYear,deweyNumbers,keyFeatures,otherFeatures,languages,subject,rss,openAccessUrl
2,679264,737706,Righting Wrongs,2167-1680,JC571,,Webster University * Institute for Human Rights and Humanitarian Studies,Journal,Academic / Scholarly,United States,USA,Active,2011,323,AVO|EON|RPR|URL,BIA|RPSA,English,POLITICAL SCIENCE - CIVIL RIGHTS,,
3,296720,205929,China Rights Forum (Online),,JC599.C6,,Human Rights in China,Journal,Academic / Scholarly,United States,USA,Active,1990,323.4,AI|AVO|EON|MLR|RPR|URL,BIA|BIB|BRI|CHI|ILI|REVI,Chinese|English,POLITICAL SCIENCE - CIVIL RIGHTS,,
4,347758,243771,Security and Human Rights,1874-7337,JC599.E9,HMEOAL,Brill - Nijhoff,Journal,Academic / Scholarly,Netherlands,NLD,Active,2008,323.4,AI|CCC|JCR|RPR|TOC|URL,ADI|BIA|BRI|REVI|RPSA,English,POLITICAL SCIENCE - CIVIL RIGHTS,,
5,447993,412512,Journal of Human Rights,1475-4843,JC571,,Routledge,Journal,Academic / Scholarly,United Kingdom,GBR,Active,,323,AI|AVO|CCC|RPR,BIA|FSI,English,POLITICAL SCIENCE - CIVIL RIGHTS,,
8,768177,817517,African Human Rights Yearbook,2523-1367,JC599.S56,,Pretoria University Law Press,Journal,Academic / Scholarly,South Africa,ZAF,Active,2017,323,RPR|URL,,English|French,POLITICAL SCIENCE - CIVIL RIGHTS,,
9,780878,829575,Human Rights Education Review,2535-5406,,,Universitetet i Soeroest-Norge,Journal,Academic / Scholarly,Norway,NOR,Active,2018,323,AVO|EON|OPA|RPR|URL,,English,POLITICAL SCIENCE - CIVIL RIGHTS,,https://journals.hioa.no/index.php/human/index
11,793825,841996,Peace Human Rights Governance,2532-3474,,,Padova University Press,Journal,Academic / Scholarly,Italy,ITA,Active,,323,AVO|OPA|RPR,,English,POLITICAL SCIENCE - CIVIL RIGHTS,,http://phrg.padovauniversitypress.it/
14,318974,222599,Nordic Journal of Human Rights,1891-8131,,,Taylor & Francis Scandinavia,Journal,Academic / Scholarly,Sweden,SWE,Active,1983,323.4,AI|CCC|JCR|RPR|URL,BIA|BRI|REVI|RPSA,English,POLITICAL SCIENCE - CIVIL RIGHTS,,
15,201413,137319,Turkish Yearbook of Human Rights,1300-1809,JC599.T87,,Institute of Public Administration for Turkey and Middle East,Journal,Academic / Scholarly,Turkey,TUR,Active,1979,323.4,AI|RPR|URL,BIA,English|French|German,POLITICAL SCIENCE - CIVIL RIGHTS,,
16,385856,273853,Australian Journal of Human Rights,1323-238X,K1,,Taylor & Francis Australasia,Journal,Academic / Scholarly,Australia,AUS,Active,1994,323.4,AI|CCC|RPR|URL,BIA|BRI|REVI,English,POLITICAL SCIENCE - CIVIL RIGHTS,,
17,515244,593933,Mediterranean Journal of Human Rights,1027-4375,K13,,Aracne Editrice,Journal,Academic / Scholarly,Italy,ITA,Active,1997,323,RPR|TOC|URL,,English,POLITICAL SCIENCE - CIVIL RIGHTS,,
22,751743,802817,The Age of Human Rights Journal,2340-9592,,,Universidad de Jaen * Servicio de Publicaciones,Journal,Academic / Scholarly,Spain,ESP,Active,2013,323,AI|AVO|CCC|EON|JCR|OPA|RPR|URL,,English,POLITICAL SCIENCE - CIVIL RIGHTS,,http://revistaselectronicas.ujaen.es/index.php/TAHRJ/index
23,726750,780664,Journal of Human Rights in the Commonwealth,2053-1699,,,University of London * Institute of Commonwealth Studies,Journal,Academic / Scholarly,United Kingdom,GBR,Active,2013,323,AVO|EON|RPR|URL,BIA,English,POLITICAL SCIENCE - CIVIL RIGHTS,,
24,786481,834858,The European Convention on Human Rights Law Review,2666-3228,,,Brill - Nijhoff,Journal,Academic / Scholarly,Netherlands,NLD,Active,2020,323,RPR|URL,ADI,English,POLITICAL SCIENCE - CIVIL RIGHTS,,
26,672846,731960,International Journal of Human Rights and Constitutional Studies,2050-103X,,,Inderscience Publishers,Journal,Academic / Scholarly,Switzerland,CHE,Active,2013,323,AI|CCC|JCR|RPR|TOC|URL,BIA|BIB|FSI,English,POLITICAL SCIENCE - CIVIL RIGHTS,,
29,759673,810008,Asian Yearbook of Human Rights and Humanitarian Law,2452-0578,KNC572.A15,,Brill - Nijhoff,Journal,Academic / Scholarly,Netherlands,NLD,Active,2017,323,RPR|URL,,English,POLITICAL SCIENCE - CIVIL RIGHTS,,
30,811349,859092,Europe des Droits et Libertes,2726-1263,,,Europe des Droits & Libertes / Europe of Rights & Liberties,Journal,Academic / Scholarly,France,FRA,Active,2020,323|323.4,AVO|EON|RPR|URL,,English|French,POLITICAL SCIENCE - CIVIL RIGHTS,,
31,531348,610568,Sur - Revista Internacional de Direitos Humanos,1806-6445,JC571,,Sur - Rede Universitaria de Direitos Humanos,Journal,Academic / Scholarly,Brazil,BRA,Active,2004,323,AI|AVO|EON|OPA|RPR|TOC|URL,BIA|BIB|BRI|FSI|REVI,English|Portuguese|Spanish,POLITICAL SCIENCE - CIVIL RIGHTS,,http://www.surjournal.org
33,59695,45626,Feminist Studies,2153-3873,,,"Feminist Studies, Inc.",Journal,Academic / Scholarly,United States,USA,Active,,305.4,AI|AVO|CCC|RPR,BIA,English,WOMEN'S STUDIES,,
38,244499,167128,Australian Feminist Studies,1465-3303,HQ1101,AFSTFJ,Routledge,Journal,Academic / Scholarly,Australia,AUS,Active,,305.4,AI|AVO|CCC|RPR,BIA|FSI,English,WOMEN'S STUDIES,,
39,124075,86075,Canadian Woman Studies,0713-3235,,,Inanna Publications and Education Inc.,Journal,Academic / Scholarly,Canada,CAN,Active,1978,305.412,AI|CCC|MLR|RPR|TOC|URL,ADI|BRI|ILI|REVI|RPSA,English|French,WOMEN'S STUDIES,,
41,430562,356085,Women's Studies Quarterly,1934-1520,,,Feminist Press,Journal,Academic / Scholarly,United States,USA,Active,,305.412,AI|AVO|RPR,BIA|FSI,English,WOMEN'S STUDIES,,
43,470559,467252,Feminist German Studies,2578-5192,,,University of Nebraska Press,Journal,Academic / Scholarly,United States,USA,Active,,305.4,AI|AVO|CCC|RPR,BIA,English,WOMEN'S STUDIES,,
44,768235,817573,Feminist Modernist Studies,2469-2921,HQ1101,,Taylor & Francis,Journal,Academic / Scholarly,United Kingdom,GBR,Active,2017,305.4,AI|RPR|URL,,English,WOMEN'S STUDIES,,
48,114199,79448,Women's Studies International Forum,1879-243X,HQ1101,,Elsevier Ltd,Journal,Academic / Scholarly,United Kingdom,GBR,Active,,305.412,AI|AVO|CCC|RPR,BIA|FSI,English,WOMEN'S STUDIES,,
50,823263,870595,Advances in Women's Studies,2822-4426,,,Ataturk University|Ataturk Universitesi,Journal,Academic / Scholarly,Turkey,TUR,Active,2019,305.4,AVO|EON|OPA|RPR|URL,,English|Turkish,WOMEN'S STUDIES,,https://womensresearch-ataunipress.org/EN
51,667961,727591,The Latchkey,2046-4525,,,Rivendale Press,Journal,Academic / Scholarly,United Kingdom,GBR,Active,2009,371.822,AI|AVO|EON|RPR|URL,BIA,English,WOMEN'S INTERESTS,,
54,350479,245698,Pakistan Journal of Women's Studies,1024-1256,HQ1101,,Tahera Aftab Ed. & Pub.,Journal,Academic / Scholarly,Pakistan,PAK,Active,1994,305.4,AI|CCC|RPR|URL,BIA|BIB|BRI|REVI,English,WOMEN'S STUDIES,,
56,440325,386783,Journal of International Women's Studies,1539-8706,,,Bridgewater State College,Journal,Academic / Scholarly,United States,USA,Active,1999,305.42,AI|AVO|EON|MLR|RPR|URL,BIA|BRI|REVI|RPSA,English,WOMEN'S STUDIES,,
57,423778,340270,European Journal of Women's Studies,1461-7420,HQ1181.E85,EJWSE5,Sage Publications Ltd.,Journal,Academic / Scholarly,United Kingdom,GBR,Active,,305.4,AI|AVO|CCC|RPR,BIA|FSI,English,WOMEN'S STUDIES,,
58,415000,315411,Asian Journal of Women's Studies,2377-004X,,,Taylor & Francis,Journal,Academic / Scholarly,United Kingdom,GBR,Active,,305.4,AI|AVO|CCC|RPR,BIA|FSI,English,WOMEN'S STUDIES,,
59,514942,593691,Indian Journal of Gender Studies,0973-0672,,,Sage Publications India Pvt. Ltd.,Journal,Academic / Scholarly,India,IND,Active,,305.4,AI|AVO|CCC|RPR,BIA|FSI,English,WOMEN'S STUDIES,,
61,831968,878838,Pandian Journal of Women's Studies,2583-715X,,,Maheswari Publishers * Pandian Educational Trust,Journal,Academic / Scholarly,India,IND,Active,2021,305.4,RPR|URL,,English|Tamil,WOMEN'S STUDIES,,https://pandianeducationaltrust.com/pandian-journal-of-womens-studies-n-pjws.html
62,478842,498012,Kadin / Woman 2000,1302-9916,HQ1726.7,,Eastern Mediterranean University * Centre for Women Studies,Journal,Academic / Scholarly,Cyprus,CYP,Active,2000,305.4,AI|RPR|URL,,English|Turkish,WOMEN'S STUDIES,,
64,529019,608522,Journal of Middle East Women's Studies,1558-9579,,,Duke University Press,Journal,Academic / Scholarly,United States,USA,Active,,305.4,AI|AVO|CCC|RPR,BIA,English,WOMEN'S STUDIES,,
66,695323,752069,On Our Terms,2325-4696,HQ1236,,Columbia University,Journal,Academic / Scholarly,United States,USA,Active,2013,305.4,AVO|EON|RPR|URL,BIA,English,WOMEN'S STUDIES,,
67,757932,808395,"Journal of Feminist, Gender and Women Studies",2444-1198,,,Universidad Autonoma de Madrid * Servicio de Publicaciones,Journal,Academic / Scholarly,Spain,ESP,Active,2015,305.4,AVO|EON|RPR|URL,,English|Spanish,WOMEN'S STUDIES,,
68,812573,860281,International Journal of Childhood and WomenÂ¿s Studies,2682-4361,,,"Ain Shams University * Faculty of Women for Arts, Science & Education",Journal,Academic / Scholarly,Egypt (Arab Republic of Egypt),EGY,Active,2020,305.4,OPA|RPR|URL,,English,WOMEN'S STUDIES,,
70,685441,743110,International Journal of Gender Studies in Developing Societies,2052-0352,,,Inderscience Publishers,Journal,Academic / Scholarly,Switzerland,CHE,Active,2015,305.4,AI|CCC|RPR|URL,BIA|BIB|FSI,English,WOMEN'S STUDIES,,
73,318952,222582,NORA,1502-394X,,,Taylor & Francis Scandinavia,Journal,Academic / Scholarly,Norway,NOR,Active,,305.411,AI|AVO|CCC|RPR,FSI,English,WOMEN'S STUDIES,,
74,810436,858207,Instytutu Studiow Kobiecych. Czasopismo Naukowe,2451-3539,,,Instytutu Studiow Kobiecych * Wydawnictwo Humanica,Journal,Academic / Scholarly,Poland,POL,Active,2016,305.4,OPA|RPR|URL,,English|Polish,WOMEN'S STUDIES,,
80,543778,620426,Women's Health,1745-5065,,,Sage Publications Ltd.,Journal,Academic / Scholarly,United Kingdom,GBR,Active,,613.04244,AI|AVO|CCC|OPA|RPR|URL,BIA|FSI,English,WOMEN'S HEALTH,,https://journals.sagepub.com/home/whe
81,462732,449118,BMC Women's Health,1472-6874,RA778.A1,BWHMAY,BioMed Central Ltd.,Journal,Academic / Scholarly,United Kingdom,GBR,Active,2001,613.04244,AI|AVO|CCC|EON|JCR|OPA|RPR|RSS|URL,ADI|BIA,English,WOMEN'S HEALTH,"[{'rssSourceDescription': 'Publisher', 'rssTypeCode': 'AA', 'rssFrequencyCode': 'I', 'rssUrl': 'http://www.biomedcentral.com/bmcwomenshealth/rss/'}]",https://bmcwomenshealth.biomedcentral.com/ealth/
82,767983,817323,Women's Health Bulletin,2345-5136,,,Shiraz University of Medical Sciences * Health Policy Research Center,Journal,Academic / Scholarly,"Iran, Islamic Republic of",IRN,Active,2014,613.04244,AI|OPA|RPR|URL,,English,WOMEN'S HEALTH,,
84,786310,834692,Women's Health Reports,2688-4844,RA564.85,,"Mary Ann Liebert, Inc. Publishers",Journal,Academic / Scholarly,United States,USA,Active,2020,618.082,AVO|EON|JCR|OPA|RPR|URL,ADI,English,WOMEN'S HEALTH,,https://home.liebertpub.com/publications/womens-health-reports/654
85,411288,303764,Journal of Women's Health,1931-843X,,,"Mary Ann Liebert, Inc. Publishers",Journal,Academic / Scholarly,United States,USA,Active,,618.082,AI|AVO|CCC|RPR,BIA|FSI,English,WOMEN'S HEALTH,,
88,727427,781292,Evidence Based Women's Health Journal,2090-7265,,,Lippincott Williams & Wilkins,Journal,Academic / Scholarly,United States,USA,Active,,613.04244,CCC|RPR|TOC,BIA,English,WOMEN'S HEALTH,,
91,422651,339218,Sexual and Reproductive Health Matters,2641-0397,RA788,,Taylor & Francis,Journal,Academic / Scholarly,United Kingdom,GBR,Active,1993,618.082,AI|AVO|CCC|JCR|OPA|RPR|URL,,English,WOMEN'S HEALTH,,https://www.tandfonline.com/toc/zrhm21/current
92,714468,769622,Case Reports in Women's Health,2214-9112,RA564.85,,Elsevier BV,Journal,Academic / Scholarly,Netherlands,NLD,Active,2014,613.04244,AI|AVO|CCC|EON|JCR|OPA|RPR|TOC|URL,,English,WOMEN'S HEALTH,,http://www.journals.elsevier.com/case-reports-in-womens-health/
93,783463,831959,Austin Journal of Women's Health,2472-3398,,,Austin Publishing Group,Journal,Academic / Scholarly,United States,USA,Active,2014,613.04244,AVO|EON|RPR|URL,BIA,English,WOMEN'S HEALTH,,
94,796087,844251,Frontiers in Global Women's Health,2673-5059,,,Frontiers Research Foundation,Journal,Academic / Scholarly,Switzerland,CHE,Active,2020,613.042,AVO|EON|JCR|OPA|RPR|URL,,English,WOMEN'S HEALTH,,https://www.frontiersin.org/journals/global-womens-health#
95,623737,688001,Journal of Women's & Pelvic Health Physical Therapy,2833-3659,,,Lippincott Williams & Wilkins,Journal,Academic / Scholarly,United States,USA,Active,,615.8,AI|AVO|CCC|RPR|URL,BIA,English,WOMEN'S HEALTH,,
97,672456,731598,New Male Studies,1839-7816,,,Australian Institute of Male Health and Studies,Journal,Academic / Scholarly,Australia,AUS,Active,2012,305.31,AI|AVO|EON|MLR|RPR|URL,,English,MEN'S STUDIES,,
99,418684,328678,The Journal of Men's Studies,1933-0251,HQ1088,,"Sage Publications, Inc.",Journal,Academic / Scholarly,United States,USA,Active,,305.31,AI|AVO|CCC|RPR,BIA|FSI,English,MEN'S STUDIES,,
101,305786,212628,GLQ,1527-9375,HQ75.15,,Duke University Press,Journal,Academic / Scholarly,United States,USA,Active,2000,306.766,AI|AVO|CCC|RPR,BIA,English,LGBTQ+,,
102,487558,537988,LGBTQ+ Family,2770-3371,,,Routledge,Journal,Academic / Scholarly,United States,USA,Active,2005,306.766,AI|CCC|JCR|MLR|RPR|URL,RPSA,English,LGBTQ+,,
105,526918,606334,Journal of Bisexuality,1529-9724,HQ74,,Routledge,Journal,Academic / Scholarly,United States,USA,Active,2001,306.766,AI|AVO|CCC|RPR|URL,BIA,English,LGBTQ+,,
106,471400,470995,Gender Forum,1613-1878,HQ1181.G3,,Universitaet Zu Koeln * Department of English,Journal,Academic / Scholarly,Germany,DEU,Active,2002,306.766,AI|AVO|EON|OPA|RPR|URL,,English,LGBTQ+,,http://www.genderforum.uni-koeln.de
107,801783,849830,Whatever,2611-657X,,,Universita degli Studi di Pisa * Centro Interuniversitario di Ricerca Queer,Journal,Academic / Scholarly,Italy,ITA,Active,2018,306.766,AVO|EON|OPA|RPR|URL,,English|French|German|Italian|Spanish,LGBTQ+,,http://whatever.cirque.unipi.it
108,784840,833297,Queer Cats,2639-0256,HQ75.15,,University of California * eScholarship,Journal,Academic / Scholarly,United States,USA,Active,2015,306.766,AVO|EON|RPR|URL,,English,LGBTQ+,,
109,725354,779398,LGBT Health,2325-8292,RA564.9.H65,,"Mary Ann Liebert, Inc. Publishers",Journal,Academic / Scholarly,United States,USA,Active,2014,306.766,AI|CCC|JCR|RPR|URL,ADI|BIA|FSI|RPSA,English,LGBTQ+,,
115,740059,792547,Civilistica.com,2316-8374,K3,,Revista Civilistica,Journal,Academic / Scholarly,Brazil,BRA,Active,2012,340.56,AI|AVO|EON|OPA|RPR|URL,BIA,English|French|Italian|Portuguese|Spanish,LAW - CIVIL LAW,,http://civilistica.com
116,330257,230959,Torts Law Journal,1038-5967,K24,,LexisNexis Butterworths,Journal,Academic / Scholarly,Australia,AUS,Active,1993,340.5,AI|CCC|RPR|URL,BIA,English,LAW - CIVIL LAW,,
120,616258,680983,Journal of European Tort Law,1868-9620,K10,,Walter de Gruyter GmbH,Journal,Academic / Scholarly,Germany,DEU,Active,2010,340.5,AI|AVO|CCC|RPR,,English,LAW - CIVIL LAW,,
121,745786,797564,International Journal of Procedural Law,2034-5275,K9,,Intersentia N.V.,Journal,Academic / Scholarly,Belgium,BEL,Active,2011,340.56,RPR|URL,,English|French|German|Spanish,LAW - CIVIL LAW,,
123,810494,858265,Teoriya Gosudarstva i Prava,2500-0837,,,Mezhregional'naya Assotsiatsiya Teoretikov Gosudarstva i Prava|Interregional Association of State and Law Theorists,Journal,Academic / Scholarly,Russian Federation,RUS,Active,2016,340.56,RPR|URL,BIA|BRI|REVI,English|Russian,LAW - CIVIL LAW,,
125,695164,751926,Journal of Ancient Near Eastern History,2328-9562,DS41,,Walter de Gruyter GmbH,Journal,Academic / Scholarly,Germany,DEU,Active,2014,956,AI|AVO|CCC|RPR,,English,HISTORY - HISTORY OF THE NEAR EAST,,
126,804394,852366,Asia Anteriore Antica,2611-8912,DS56,,Firenze University Press,Journal,Academic / Scholarly,Italy,ITA,Active,2018,930,AVO|EON|OPA|RPR|URL,,English,HISTORY - HISTORY OF THE NEAR EAST,,https://riviste.fupress.net/index.php/asiana/index
127,807063,854982,Journal of Near & Middle-Eastern Civilizations,2563-3627,,,University of Toronto * Near & Middle Eastern Civilizations Students' Union,Journal,Academic / Scholarly,Canada,CAN,Active,2004,956,RPR|URL,,English,HISTORY - HISTORY OF THE NEAR EAST,,
130,64880,48517,Kansas History,0149-9114,F681,,Kansas State Historical Society,Journal,Academic / Scholarly,United States,USA,Active,1881,978.1,AI|MLR|RPR|URL,BIA|BIB|BRI|CHI|ILI|ITA|REVI|RPSA,English,HISTORY - HISTORY OF NORTH AND SOUTH AMERICA,,
132,600831,666171,Journal of Egyptian History,1874-1657,DT83,,Brill,Journal,Academic / Scholarly,Netherlands,NLD,Active,2008,932,AI|CCC|JCR|RPR|TOC|URL,ADI|BIA|RPSA,English,HISTORY - HISTORY OF AFRICA,,
134,355388,249311,Left History,1192-1927,HN1,LEHIEA,York University * Department of History,Journal,Academic / Scholarly,Canada,CAN,Active,1993,971,AI|CCC|RPR|URL,ADI|BIA|BRI|CHI|FRI|ILI|PRI|REVI|STAT,English,HISTORY - HISTORY OF NORTH AND SOUTH AMERICA,,
136,795403,843567,Athens Journal of History,2407-9677,D1,,Athens Institute for Education and Research,Journal,Academic / Scholarly,Greece,GRC,Active,2015,956,AVO|EON|OPA|RPR|URL,,English,HISTORY - HISTORY OF THE NEAR EAST,,https://www.athensjournals.gr/ajhis
137,69108,50799,North Dakota History,0029-2710,F631,,State Historical Society of North Dakota,Journal,Academic / Scholarly,United States,USA,Active,1926,978.4,AI|MLR|RPR|URL,BIA|BRI|ILI|ITA|MAP|REVI|RPSA,English,HISTORY - HISTORY OF NORTH AND SOUTH AMERICA,,
139,750967,802122,Journal of West African History,2327-1876,,,Scholarly Publishing Collective,Journal,Academic / Scholarly,United States,USA,Active,2015,966,AVO|CCC|RPR|URL,BIA,English,HISTORY - HISTORY OF AFRICA,,
141,53045,42004,The Annals of Iowa,0003-4827,F616,,State Historical Society of Iowa,Journal,Academic / Scholarly,United States,USA,Active,1863,977.7,AI|CCC|MLR|RPR|TOC|URL,BIA|BRI|ILI|ITA|REVI|RPSA,English,HISTORY - HISTORY OF NORTH AND SOUTH AMERICA,,
143,64349,48202,Journal of Mississippi History,0022-2771,F336,,Mississippi Historical Society,Journal,Academic / Scholarly,United States,USA,Active,1939,976.2,AI|MLR|RPR|URL,BIA|BIB|BRI|CHI|ILI|ITA|MAP|REVI|RPSA,English,HISTORY - HISTORY OF NORTH AND SOUTH AMERICA,,
145,64667,48382,Journal of Southern History,2325-6893,,,Southern Historical Association,Journal,Academic / Scholarly,United States,USA,Active,,976,AI|AVO|CCC|RPR,BIA,English,HISTORY - HISTORY OF NORTH AND SOUTH AMERICA,,
147,63673,47827,The Journal of American History,1945-2314,,,Oxford University Press,Journal,Academic / Scholarly,United States,USA,Active,,973,AI|AVO|CCC|RPR,BIA,English,HISTORY - HISTORY OF NORTH AND SOUTH AMERICA,,
148,3529,14530,Journal of Caribbean History,0047-2263,F2155,,The University of the West Indies Press,Journal,Academic / Scholarly,Jamaica,JAM,Active,1970,972.9,AI|CCC|RPR|URL,BRI|REVI,English,HISTORY - HISTORY OF NORTH AND SOUTH AMERICA,,
155,659679,719893,Journal of Moravian History,2161-6310,,,Penn State University Press,Journal,Academic / Scholarly,United States,USA,Active,,973,AI|AVO|CCC|RPR|URL,BIA,English,HISTORY - HISTORY OF NORTH AND SOUTH AMERICA,,
156,457395,436621,Journal of Illinois History,1522-0532,F541,,Illinois Historic Preservation Agency,Journal,Academic / Scholarly,United States,USA,Active,1998,977,AI|CCC|RPR|URL,BIA|BRI|CHI|ILI|REVI,English,HISTORY - HISTORY OF NORTH AND SOUTH AMERICA,,
161,245683,167930,Journal of Natal and Zulu History,0259-0123,DT873,,Routledge,Journal,Academic / Scholarly,United Kingdom,GBR,Active,1979,968.4,AI|CCC|RPR|URL,BRI|REVI,English,HISTORY - HISTORY OF AFRICA,,
163,513117,589884,History in Africa,1558-2744,DT19,,Cambridge University Press,Journal,Academic / Scholarly,United States,USA,Active,,960,AI|AVO|CCC|RPR,BIA,English,HISTORY - HISTORY OF AFRICA,,
164,5749,16001,Alberta History,0316-1552,F1075,ALHIE6,Historical Society of Alberta,Journal,Academic / Scholarly,Canada,CAN,Active,1953,971,AI|CCC|MLR|RPR|URL,BRI|CHI|ILI|ITA|REVI|RPSA,English,HISTORY - HISTORY OF NORTH AND SOUTH AMERICA,,
165,7980,17252,Ontario History,0030-2953,F1056,,The Ontario Historical Society,Journal,Academic / Scholarly,Canada,CAN,Active,1899,971.3,AI|CCC|MLR|RPR|URL,BIA|BRI|ILI|ITA|REVI|RPSA,English,HISTORY - HISTORY OF NORTH AND SOUTH AMERICA,,
166,58000,44685,Delaware History,0011-7765,F161,,Historical Society of Delaware,Journal,Academic / Scholarly,United States,USA,Active,1946,975.1,AI|MLR|RPR|URL,BIB|ILI|ITA|RPSA,English,HISTORY - HISTORY OF NORTH AND SOUTH AMERICA,,
169,108058,75312,Maine History,1090-5413,F19,,Maine Historical Society,Journal,Academic / Scholarly,United States,USA,Active,1961,974,AI|RPR|TOC|URL,ADI|BIA|BRI|FSI|REVI,English,HISTORY - HISTORY OF NORTH AND SOUTH AMERICA,,
183,64630,48359,Journal of San Diego History,0022-4383,F868.S15,,San Diego History Center,Journal,Academic / Scholarly,United States,USA,Active,1955,979.4,AI|RPR|URL,ADI|BIA|BRI|ITA|REVI|RPSA,English,HISTORY - HISTORY OF NORTH AND SOUTH AMERICA,,
185,641814,704007,Journal of Early American History,1877-0223,E186,,Brill,Journal,Academic / Scholarly,Netherlands,NLD,Active,2010,971|973|980,AI|CCC|JCR|RPR|URL,ADI|BIA|RPSA,English,HISTORY - HISTORY OF NORTH AND SOUTH AMERICA,,
191,748422,799903,The Iowa Historical Review,2373-1842,,,University of Iowa * Department of History,Journal,Academic / Scholarly,United States,USA,Active,2007,977,AVO|EON|RPR|URL,BIA,English,HISTORY - HISTORY OF NORTH AND SOUTH AMERICA,,
193,181300,123713,Oral History Forum,1482-5872,,,Canadian Oral History Association,Journal,Academic / Scholarly,Canada,CAN,Active,1976,971.006,AI|CCC|RPR|URL,BRI|REVI,English|French,HISTORY - HISTORY OF NORTH AND SOUTH AMERICA,,
194,6019,16151,British Columbia History,1710-7881,,,British Columbia Historical Federation,Journal,Academic / Scholarly,Canada,CAN,Active,1937,971,AI|CCC|RPR,BRI|ITA|REVI|RPSA,English,HISTORY - HISTORY OF NORTH AND SOUTH AMERICA,,
196,86812,61548,South Dakota History,0361-8676,F646,,South Dakota State Historical Society,Journal,Academic / Scholarly,United States,USA,Active,1970,978,AI|RPR|TOC|URL,BIA|BRI|ILI|ITA|MAP|REVI|RPSA,English,HISTORY - HISTORY OF NORTH AND SOUTH AMERICA,,
201,585016,652925,West Virginia History,1940-5057,,,West Virginia University Press,Journal,Academic / Scholarly,United States,USA,Active,,975.4,AI|AVO|RPR,BIA,English,HISTORY - HISTORY OF NORTH AND SOUTH AMERICA,,
205,765447,815055,Modern American History,2397-1851,,,Cambridge University Press,Journal,Academic / Scholarly,United Kingdom,GBR,Active,2017,973,AI|AVO|CCC|RPR,,English,HISTORY - HISTORY OF NORTH AND SOUTH AMERICA,,
207,803575,851571,Ohio Valley History,2377-0600,,,Cincinnati Museum Center,Journal,Academic / Scholarly,United States,USA,Active,,977,AI|AVO|RPR,BIA,English,HISTORY - HISTORY OF NORTH AND SOUTH AMERICA,,
208,189358,129141,East Texas Historical Journal,0424-1444,F381,,East Texas Historical Association,Journal,Academic / Scholarly,United States,USA,Active,1963,976,AI|RPR|URL,BIA|BRI|REVI,English,HISTORY - HISTORY OF NORTH AND SOUTH AMERICA,,
210,788460,836769,Gephyra,1309-3924,DR431,,"Akdeniz Universitesi * Akdeniz Dillerini ve Kulturlerini Arastirma Merkezi|Akdeniz University, Research Centre for Mediterranean Languages and Cultures",Journal,Academic / Scholarly,Turkey,TUR,Active,2004,956.9,AI|OPA|RPR|URL,,English|French|German|Italian,HISTORY - HISTORY OF THE NEAR EAST,,
214,111394,77489,Reviews in American History,1080-6628,Z1236,,The Johns Hopkins University Press,Journal,Academic / Scholarly,United States,USA,Active,,970,AI|AVO|CCC|RPR,BIA|FSI,English,HISTORY - HISTORY OF NORTH AND SOUTH AMERICA,,
217,540600,617697,New York History (Online),2328-8132,,,Cornell University Press,Journal,Academic / Scholarly,United States,USA,Active,19??,974.7,AI|AVO|RPR|URL,BIA,English,HISTORY - HISTORY OF NORTH AND SOUTH AMERICA,,
218,461062,443851,American Nineteenth Century History,1743-7903,,,Routledge,Journal,Academic / Scholarly,United Kingdom,GBR,Active,,973,AI|AVO|CCC|RPR,BIA|FSI,English,HISTORY - HISTORY OF NORTH AND SOUTH AMERICA,,
219,163446,111438,Annual Editions: United States History,1944-8384,E171,,McGraw-Hill * Contemporary Learning Series,Journal,Academic / Scholarly,United States,USA,Active,1972,917.3,AI|CCC|RPR|URL,BIA|ILI,English,HISTORY - HISTORY OF NORTH AND SOUTH AMERICA,,
221,681394,739572,Global Journal of African Studies,2045-2594,,,Oxford Academic Publishing Ltd.,Journal,Academic / Scholarly,United Kingdom,GBR,Active,2011,960,RPR|URL,,English,HISTORY - HISTORY OF AFRICA,,
225,716496,771366,International Journal of Ethiopian Studies,2328-9899,,,Tsehai Publishers,Journal,Academic / Scholarly,United States,USA,Active,,963,AVO|RPR,BIA,Amharic|English,HISTORY - HISTORY OF AFRICA,,
228,831814,878688,The Australasian Review of African Studies,1447-8420,,,The African Studies Association of Australasia and the Pacific,Journal,Academic / Scholarly,Australia,AUS,Active,2001,960,JCR|RPR|URL,,English,HISTORY - HISTORY OF AFRICA,,
229,784836,833293,Dotawo,2373-2571,DT159.6.N83,,University of California * eScholarship,Journal,Academic / Scholarly,United States,USA,Active,2014,932,AVO|EON|OPA|RPR|URL,,English,HISTORY - HISTORY OF AFRICA,,https://escholarship.org/uc/dotawo
231,30019,29824,Journal of Palestine Studies,1533-8614,DS119.7,,Taylor & Francis,Journal,Academic / Scholarly,United States,USA,Active,,956.94,AI|AVO|CCC|RPR,BIA,English,HISTORY - HISTORY OF THE NEAR EAST,,
234,424190,340668,International Journal of African Historical Studies,2326-3016,,,Boston University * African Studies Center,Journal,Academic / Scholarly,United States,USA,Active,,960,AI|AVO|RPR,BIA,English,HISTORY - HISTORY OF AFRICA,"[{'rssSourceDescription': 'Ingenta', 'rssTypeCode': 'LI', 'rssFrequencyCode': 'D', 'rssUrl': 'http://api.ingentaconnect.com/content/docdel/4541.580000/latest?format=rss'}, {'rssSourceDescription': 'Ingenta', 'rssTypeCode': 'RI', 'rssFrequencyCode': 'D', 'rssUrl': 'http://api.ingentaconnect.com/content/docdel/4541.580000?format=rss'}]",
235,558969,632098,International Journal of African Renaissance Studies,1818-6874,DT1,,Routledge,Journal,Academic / Scholarly,United Kingdom,GBR,Active,2006,960,AI|CCC|JCR|RPR|TOC|URL,BRI|REVI|RPSA,English,HISTORY - HISTORY OF AFRICA,,
239,656275,716818,International Review of Turkish Studies,2211-3967,,,Instituut voor Turkse Studies|Institute for Turkish Studies,Journal,Academic / Scholarly,Netherlands,NLD,Active,2011,956.1,RPR|URL,,English|Turkish,HISTORY - HISTORY OF THE NEAR EAST,,
241,827493,874578,News from the Lands of the Hittites,2611-0555,,,Mimesis Edizioni,Journal,Academic / Scholarly,Italy,ITA,Active,2017,939,AVO|EON|RPR|URL,,English,HISTORY - HISTORY OF THE NEAR EAST,,
246,439461,384008,British Journal of Middle Eastern Studies,1469-3542,DS61.9.G7,,Routledge,Journal,Academic / Scholarly,United Kingdom,GBR,Active,,956,AI|AVO|CCC|RPR,BIA|FSI,English,HISTORY - HISTORY OF THE NEAR EAST,,
247,643273,705310,International Journal of Advanced Studies and Research in Africa,1920-8693,,,Africa Science Network,Journal,Academic / Scholarly,Canada,CAN,Active,2010,960,RPR|URL,FSI,English,HISTORY - HISTORY OF AFRICA,,
249,111870,77819,Journal of the Gulf and Arabian Peninsula Studies,0254-4288,DS201,,Kuwait University * Academic Publication Council,Journal,Academic / Scholarly,Kuwait,KWT,Active,1975,956,AI|RPR|URL,BIA|BIB|BRI|REVI,Arabic|English,HISTORY - HISTORY OF THE NEAR EAST,,
251,63680,47832,Journal of American Studies,1469-5154,E151,,Cambridge University Press,Journal,Academic / Scholarly,United Kingdom,GBR,Active,,973,AI|AVO|CCC|RPR,BIA,English,HISTORY - HISTORY OF NORTH AND SOUTH AMERICA,"[{'rssSourceDescription': 'Publisher', 'rssTypeCode': 'LI', 'rssFrequencyCode': 'AS', 'rssUrl': 'http://journals.cambridge.org/data/rss/feed_AMS_rss_2.0.xml'}]",
253,116354,80891,Historical Journal of Massachusetts,0276-8313,E171,,Westfield State College * Institute for Massachusetts Studies,Journal,Academic / Scholarly,United States,USA,Active,1972,973,AI|RPR|TOC|URL,BIA|BRI|ILI|ITA|REVI,English,HISTORY - HISTORY OF NORTH AND SOUTH AMERICA,,
255,387036,274743,Journal of South Texas,1099-9310,F386,,South Texas Historical Association,Journal,Academic / Scholarly,United States,USA,Active,1974,976,AI|RPR|URL,BIA|BRI|REVI,English,HISTORY - HISTORY OF NORTH AND SOUTH AMERICA,,
256,697496,754077,Journal of Backcountry Studies,2325-4254,F106,,University of North Carolina at Greensboro * University Libraries,Journal,Academic / Scholarly,United States,USA,Active,2006,975,AI|AVO|EON|RPR|URL,BIA,English,HISTORY - HISTORY OF NORTH AND SOUTH AMERICA,,
257,455321,430935,Heritage of the Great Plains,0739-4772,F681,,Emporia State University * Center for Great Plains Studies,Journal,Academic / Scholarly,United States,USA,Active,1957,978.1,AI|RPR|URL,,English,HISTORY - HISTORY OF NORTH AND SOUTH AMERICA,,
260,809596,857435,"Journal of Late Antique, Islamic and Byzantine Studies",2634-2367,,,Edinburgh University Press Ltd.,Journal,Academic / Scholarly,United Kingdom,GBR,Active,2022,956,RPR|URL,,English,HISTORY - HISTORY OF THE NEAR EAST,,
262,331424,231791,Journal of Big Bend Studies,1058-4617,,JBBSEZ,Sul Ross State University * Center for Big Bend Studies,Journal,Academic / Scholarly,United States,USA,Active,1989,976,AI|RPR|TOC|URL,BIA,English,HISTORY - HISTORY OF NORTH AND SOUTH AMERICA,,
263,132275,91406,Australasian Journal of American Studies,1838-9554,E169.1,,Australian and New Zealand American Studies Association,Journal,Academic / Scholarly,Australia,AUS,Active,19??,973,AI|CCC|RPR|URL,BIA|BRI|REVI,English,HISTORY - HISTORY OF NORTH AND SOUTH AMERICA,,
267,657218,717671,The Journal of the Civil War Era,2159-9807,,,University of North Carolina Press,Journal,Academic / Scholarly,United States,USA,Active,,973,AI|AVO|CCC|RPR,BIA,English,HISTORY - HISTORY OF NORTH AND SOUTH AMERICA,,
270,781559,830217,London Journal of Canadian Studies,2397-0928,,,U C L Press Ltd.,Journal,Academic / Scholarly,United Kingdom,GBR,Active,,971,AI|AVO|OPA|RPR,,English,HISTORY - HISTORY OF NORTH AND SOUTH AMERICA,,https://www.uclpress.co.uk/pages/the-london-journal-of-canadian-studies
272,824329,871602,DABIR,2470-4040,,,Brill,Journal,Academic / Scholarly,Netherlands,NLD,Active,2015,956,RPR|URL,,"English|French|German|Persian, Modern",HISTORY - HISTORY OF THE NEAR EAST,,
274,812731,860439,Hunar va Tamaddun-i Sharq,2345-6620,,,"NAZAR Research Center for Art, Architecture & Urbanism",Journal,Academic / Scholarly,"Iran, Islamic Republic of",IRN,Active,2013,955|956,AVO|OPA|RPR|URL,,"English|Persian, Modern",HISTORY - HISTORY OF THE NEAR EAST,,http://www.jaco-sj.com/?lang=en
275,455415,431138,American Studies Association of Texas. Journal,0587-5064,E169.1,,American Studies Association of Texas,Journal,Academic / Scholarly,United States,USA,Active,1970,973,AI|RPR|TOC|URL,,English,HISTORY - HISTORY OF NORTH AND SOUTH AMERICA,,
276,722377,776685,European Journal of Latin American Studies,2286-0053,,,Institutul de Studii Latino-Americane,Journal,Academic / Scholarly,Romania,ROM,Active,2013,980,RPR|URL,BIA|BRI|REVI,English|Spanish,HISTORY - HISTORY OF NORTH AND SOUTH AMERICA,,
278,102225,71492,Historic Madison,0361-574X,F589.M1,,"Historic Madison, Inc. of Wisconsin",Journal,Academic / Scholarly,United States,USA,Active,1975,977.5,RPR|URL,BIA|BRI|ILI|REVI,English,HISTORY - HISTORY OF NORTH AND SOUTH AMERICA,,
279,798911,847003,Archipelagos,2689-842X,F2161,,Columbia University Libraries,Journal,Academic / Scholarly,United States,USA,Active,2016,972.9,AVO|EON|OPA|RPR|URL,,English|French|Spanish,HISTORY - HISTORY OF NORTH AND SOUTH AMERICA,,http://archipelagosjournal.org/
280,802303,850344,Stichproben,1992-8610,,,Universitaet Wien * Institut fuer Afrikanistik,Journal,Academic / Scholarly,Austria,AUT,Active,2001,960,AI|OPA|RPR|URL,,English|French|German|Swahili,HISTORY - HISTORY OF AFRICA,,
281,385812,273818,UNISA Latin American Report,0256-6060,F1401,,UniSA Press,Journal,Academic / Scholarly,South Africa,ZAF,Active,1985,980,AI|CCC|RPR|URL,BRI|ILI|REVI,English,HISTORY - HISTORY OF NORTH AND SOUTH AMERICA,,
283,438342,378944,49th Parallel,1753-5794,E31,,The University of Birmingham * Department of American and Canadian Studies,Journal,Academic / Scholarly,United Kingdom,GBR,Active,1999,971,AI|AVO|CCC|EON|OPA|RPR|URL,BIA,English,HISTORY - HISTORY OF NORTH AND SOUTH AMERICA,,http://www.49thparallel.bham.ac.uk
284,601841,667134,Journal of the Gilded Age and Progressive Era,1943-3557,E661,,Cambridge University Press,Journal,Academic / Scholarly,United States,USA,Active,,973,AI|AVO|CCC|RPR,BIA,English,HISTORY - HISTORY OF NORTH AND SOUTH AMERICA,,
286,777220,826031,Middle Atlantic Review of Latin American Studies,2474-9621,F1401,,Middle Atlantic Council of Latin American Studies,Journal,Academic / Scholarly,United States,USA,Active,2017,980,AI|AVO|EON|OPA|RPR|URL,BRI|REVI,English|Portuguese|Spanish,HISTORY - HISTORY OF NORTH AND SOUTH AMERICA,,http://www.marlasjournal.com
287,792810,840978,Iran Calismalari Dergisi,2536-5029,,,"Sakarya Universitesi * Ortadogu Enstitusu|Sakarya University, Middle East Institute",Journal,Academic / Scholarly,Turkey,TUR,Active,2017,956,AI|RPR|URL,,English|Turkish,HISTORY - HISTORY OF THE NEAR EAST,,
289,470267,466610,Canadian Journal of Latin American and Caribbean Studies,2333-1461,,,Taylor & Francis Inc.,Journal,Academic / Scholarly,United States,USA,Active,,980.005,AI|AVO|CCC|RPR,BIA|FSI,English|French|Portuguese|Spanish,HISTORY - HISTORY OF NORTH AND SOUTH AMERICA,,
290,798265,846381,Vakanuvis - Uluslararasi Tarih Arastirmalari Dergisi,2149-9535,,,Vakanuvis Uluslararasi Tarih Arastirmalari Dergisi,Journal,Academic / Scholarly,Turkey,TUR,Active,2016,956.1,OPA|RPR|URL,BRI|REVI,English|Turkish,HISTORY - HISTORY OF THE NEAR EAST,,
292,819811,867280,Magallat Gami'at Dimasq li-l-Dirasat al-Tarihiyyat,2789-7478,,,Jami'at Dimashq|Damascus University,Journal,Academic / Scholarly,Syrian Arab Republic,SYR,Active,2018,956,AVO|EON|OPA|RPR|URL,,Arabic|English,HISTORY - HISTORY OF THE NEAR EAST,,http://journal.damascusuniversity.edu.sy/index.php/hisj
296,181337,123742,Korean Studies,1529-1529,DS901,,University of Hawai'i Press,Journal,Academic / Scholarly,United States,USA,Active,2000,950,AI|AVO|CCC|RPR,BIA,English,ASIAN STUDIES,,
298,610083,675422,Ming Studies,1759-7595,,,Routledge,Journal,Academic / Scholarly,United Kingdom,GBR,Active,,950,AI|AVO|CCC|RPR,BIA,English,ASIAN STUDIES,,
299,459934,441458,Iranian Studies,1475-4819,DS251,,Cambridge University Press,Journal,Academic / Scholarly,United Kingdom,GBR,Active,,955,AI|AVO|CCC|RPR,BIA|FSI,English,ASIAN STUDIES,,
302,716188,771136,Arab Studies Journal,2328-9627,,,Arab Studies Institute,Journal,Academic / Scholarly,United States,USA,Active,,953,AI|AVO|RPR,BIA,English,ASIAN STUDIES,,
305,778421,827182,China and Asia,2589-4641,DS701,,Brill,Journal,Academic / Scholarly,Netherlands,NLD,Active,2019,950,AI|RPR|URL,ADI|BIA,English,ASIAN STUDIES,,
307,63735,47862,Journal of Asian Studies,1752-0401,DS501,,Duke University Press,Journal,Academic / Scholarly,United States,USA,Active,,950,AI|AVO|CCC|RPR,BIA|FSI,English,ASIAN STUDIES,,
309,600756,666104,Review of Korean Studies,2733-9351,,,Academy of Korean Studies,Journal,Academic / Scholarly,"Korea, Republic of",KOR,Active,,951.9,AI|AVO|OPA|RPR,BIA,English,ASIAN STUDIES,,http://www.aks.ac.kr/rks
310,507014,564181,Mamluk Studies Review (Online),1947-2404,DT96,,University of Chicago * Middle East Documentation Center,Journal,Academic / Scholarly,United States,USA,Active,1997,956,AI|AVO|EON|RPR|URL,BIA,English,ASIAN STUDIES,,
312,821592,868997,Asian Studies in Mongolia,2957-5281,,,National University of Mongolia * School of Arts and Sciences,Journal,Academic / Scholarly,Mongolia,MNG,Active,2022,950,AVO|EON|RPR|URL,,English,ASIAN STUDIES,,
313,42190,36549,Asia Major,0004-4482,DS501,,Academia Sinica * Institute of History and Philology,Journal,Academic / Scholarly,"Taiwan, Republic of China",TWN,Active,1923,950,AI|RPR|URL,ADI|BIA|BIB|BRI|ILI|MAP|REVI|RPSA,English,ASIAN STUDIES,,
317,19031,22981,International Quarterly for Asian Studies,2566-686X,DS1,,Arnold-Bergstraesser-Institut fuer Kulturwissenschaftliche Forschung,Journal,Academic / Scholarly,Germany,DEU,Active,1970,950,AI|CCC|OPA|RPR|URL,ADI|BRI|REVI,English|German,ASIAN STUDIES,,
318,99218,69479,American Journal of Chinese Studies,2166-0042,,,American Association for Chinese Studies,Journal,Academic / Scholarly,United States,USA,Active,1984,495.1|951,AI|MLR|RPR|URL,BIA|BRI|CHI|ILI|ITA|REVI|RPSA|STAT,English,ASIAN STUDIES,,
320,150903,103348,Harvard Journal of Asiatic Studies,1944-6454,,,Harvard-Yenching Institute,Journal,Academic / Scholarly,United States,USA,Active,,950,AI|AVO|RPR,BIA|FSI,English,ASIAN STUDIES,,
321,316720,220953,Copenhagen Journal of Asian Studies,1395-4199,DS501,,Handelshoejskolen i Koebenhavn * Asia Research Centre|Copenhagen Business School,Journal,Academic / Scholarly,Denmark,DNK,Active,1987,950,AI|CCC|OPA|RPR|URL,ADI|BIA|BRI|REVI,English,ASIAN STUDIES,,
322,199077,135634,Southeast Review of Asian Studies,1083-074X,DS1,,Association for Asian Studies * Southeast Conference,Journal,Academic / Scholarly,United States,USA,Active,1979,950,AI|RPR|URL,BIA,English,ASIAN STUDIES,,
323,369234,260360,Hugoye: Journal of Syriac Studies,1097-3702,DS59.J24,,Syriac Computing Institute,Journal,Academic / Scholarly,United States,USA,Active,1998,956,AI|AVO|RPR|URL,BIA|BRI|REVI,English,ASIAN STUDIES,,
326,527032,606446,Journal of East Asian Studies,2234-6643,,,Cambridge University Press,Journal,Academic / Scholarly,United States,USA,Active,,950,AI|AVO|CCC|RPR,BIA|FSI,English,ASIAN STUDIES,"[{'rssSourceDescription': 'Extenza', 'rssTypeCode': 'AA', 'rssFrequencyCode': 'AS', 'rssUrl': 'http://www.extenza-eps.com/rss/etoc/jeas'}]",
329,613237,678394,The Journal of Central Asian Studies,0975-086X,DS329.4,,University of Kashmir * Centre of Central Asian Studies,Journal,Academic / Scholarly,India,IND,Active,1990,958,AI|RPR,BIA|CHI|ILI|MAP|PAT|STAT|TRL,English,ASIAN STUDIES,,
331,648035,709551,Journal of West Asian Studies,0975-7856,DS41,,Aligarh Muslim University,Journal,Academic / Scholarly,India,IND,Active,1985,950,RPR|URL,,English,ASIAN STUDIES,,
334,766037,815623,International Journal of Taiwan Studies,2468-8800,,,Brill,Journal,Academic / Scholarly,Netherlands,NLD,Active,2018,950,AI|AVO|CCC|RPR,BIA,English,ASIAN STUDIES,,
336,726622,780559,Saksaha: A Journal of Manchu Studies,2376-581X,,,Michigan Publishing,Journal,Academic / Scholarly,United States,USA,Active,2014,950,AVO|RPR|URL,,English,ASIAN STUDIES,,
337,727876,781695,International Journal of Area Studies,2029-2074,,,Vytautas Magnus University * Faculty of Political Science and Diplomacy,Journal,Academic / Scholarly,Poland,POL,Active,2006,950,AI|OPA|RPR|URL,,English,ASIAN STUDIES,,
339,629719,693409,Journal of Song-Yuan Studies,2154-6665,,,Journal of Sung-Yuan Studies,Journal,Academic / Scholarly,United States,USA,Active,2010,951,AI|AVO|RPR,BIA,Chinese|English,ASIAN STUDIES,,
342,830098,877070,European Journal of Korean Studies,2631-4134,DS901,,British Association for Korean Studies,Journal,Academic / Scholarly,United Kingdom,GBR,Active,1991,951.9,JCR|RPR|URL,,English,ASIAN STUDIES,,
344,809954,857778,Alon,2767-4568,E184.F4,,University of California * eScholarship,Journal,Academic / Scholarly,United States,USA,Active,2021,973.049921,AVO|EON|MLR|OPA|RPR|URL,BRI|REVI,English,ASIAN STUDIES,,https://escholarship.org/uc/alonfilipinxjournal
346,338514,236819,New Zealand Journal of Asian Studies,1174-8915,,,"New Zealand Asian Studies Society, Inc.",Journal,Academic / Scholarly,New Zealand,NZL,Active,1993,959,AI|RPR|TOC|URL,BRI|REVI,English,ASIAN STUDIES,,
348,641041,703346,International Journal of West Asian Studies,2180-4788,,,"Universiti Kebangsaan Malaysia. Institut Kajian Rantau Asia Barat|National University of Malaysia, Institute of West Asian Studies",Journal,Academic / Scholarly,Malaysia,MYS,Active,2009,950,AVO|RPR,BIA|BRI|REVI,Arabic|English|Malay,ASIAN STUDIES,,
350,707873,763668,British Association for Chinese Studies. Journal,2048-0601,,,British Association for Chinese Studies,Journal,Academic / Scholarly,United Kingdom,GBR,Active,2011,951,AVO|EON|RPR|URL,BIA,English,ASIAN STUDIES,,
351,420068,334278,European Journal of East Asian Studies,1568-0584,DS501,,Brill,Journal,Academic / Scholarly,Netherlands,NLD,Active,2001,950,AI|CCC|RPR|RSS|URL,ADI|BIA|RPSA,English,ASIAN STUDIES,"[{'rssSourceDescription': 'Ingenta', 'rssTypeCode': 'RI', 'rssFrequencyCode': 'I', 'rssUrl': 'http://www.ingentaconnect.com/content/brill/eeas?format=rss'}, {'rssSourceDescription': 'Ingenta', 'rssTypeCode': 'LI', 'rssFrequencyCode': 'I', 'rssUrl': 'http://www.ingentaconnect.com/content/brill/eeas/latest?format=rss'}]",
354,469831,465640,Electronic Journal of Contemporary Japanese Studies,1476-9158,DS801,,University of Sheffield * School of East Asian Studies,Journal,Academic / Scholarly,United Kingdom,GBR,Active,2001,950,AI|AVO|EON|MLR|RPR|URL,BRI|ITA|REVI,English,ASIAN STUDIES,,
356,759136,809493,Journal of Contemporary East Asia Studies,2476-1036,DS501,,Taylor & Francis,Journal,Academic / Scholarly,United Kingdom,GBR,Active,,950,AI|AVO|CCC|OPA|RPR,BIA,English,ASIAN STUDIES,,http://www.tandfonline.com/REAS
358,758965,809329,Sungkyun Journal of East Asian Studies,2586-0380,,,Duke University Press,Journal,Academic / Scholarly,United States,USA,Active,,950,AI|AVO|OPA|RPR,,English,ASIAN STUDIES,,https://read.dukeupress.edu/sungkyun-journal-of-east-asian-studies
360,816121,863764,Vienna Journal of East Asian Studies,2521-7038,DS501,,Universitaet Wien * Institut fuer Philologie und Kulturwissenschaft,Journal,Academic / Scholarly,Poland,POL,Active,2010,495|895|950,AVO|OPA|RPR|URL,,English,ASIAN STUDIES,,https://sciendo.com/journal/VJEAS
362,816123,863765,Vienna Journal of East Asian Studies (Print),2521-702X,,,Universitaet Wien * Institut fuer Philologie und Kulturwissenschaft,Journal,Academic / Scholarly,Poland,POL,Active,2014,495|895|950,OPA|RPR,,English,ASIAN STUDIES,,https://sciendo.com/journal/VJEAS
364,760077,810371,Mongolovedenie,2500-1523,DS19,,Rossiiskaya Akademiya Nauk * Kalmytskii Nauchnyi Tsentr,Journal,Academic / Scholarly,Russian Federation,RUS,Active,2001,951,OPA|RPR|URL,BIA,English|Mongol|Russian,ASIAN STUDIES,,
365,834692,881440,Selcuklu Medeniyeti Arastirmalari Dergisi,2548-0367,,,Necmettin Erbakan Universitesi|Necmettin Erbakan University,Journal,Academic / Scholarly,Turkey,TUR,Active,2016,956,AVO|EON|OPA|RPR|URL,,English|Turkish,ASIAN STUDIES,,https://dergipark.org.tr/en/pub/sema
366,575513,645262,Orta Asya ve Kafkasya Arastirmalari,1306-682X,DS327,,International Strategic Research Organization|Uluslararasi Stratejik Arastirmalar Kurumu,Journal,Academic / Scholarly,Turkey,TUR,Active,2006,958,AI|RPR|URL,,English|Turkish,ASIAN STUDIES,,
367,734137,787294,TRaNS (New York),2051-364X,DS520,,Cambridge University Press,Journal,Academic / Scholarly,United States,USA,Active,2013,959,AI|CCC|JCR|RPR|URL,ADI|BIA,English,ASIAN STUDIES,,
372,421227,337821,Africa,1750-0184,PL8000,,Cambridge University Press,Journal,Academic / Scholarly,United Kingdom,GBR,Active,,968,AI|AVO|CCC|RPR,BIA|FSI,English,HISTORY - HISTORY OF AFRICA,,
470,765591,815199,Brazilian Journal of African Studies,2448-3923,,,Universidade Federal do Rio Grande do Sul,Journal,Academic / Scholarly,Brazil,BRA,Active,,960,AVO|OPA|RPR,,English,HISTORY - HISTORY OF AFRICA,,http://www.seer.ufrgs.br/rbea
511,459914,441439,The Columbia Journal of American Studies,1541-1419,E169.1,,Columbia University * Liberal Studies Program,Journal,Academic / Scholarly,United States,USA,Active,1995,973,AI|RPR|URL,BIA,English,HISTORY - HISTORY OF NORTH AND SOUTH AMERICA,,
536,734299,787419,Native American and Indigenous Studies Association. Journal,2332-127X,,,University of Minnesota Press,Journal,Academic / Scholarly,United States,USA,Active,2014,305.897,AI|AVO|CCC|RPR,BIA,English,NATIVE AMERICAN STUDIES,,
540,78934,56424,American Indian Culture and Research Journal,0161-6463,E75,,"University of California, Los Angeles * American Indian Studies Center",Journal,Academic / Scholarly,United States,USA,Active,1971,970.1,AI|CCC|JCR|MLR|RPR|TOC|URL,ADI|BIA|BRI|ILI|ITA|REVI|RPSA,English,NATIVE AMERICAN STUDIES,,
